City_ID,City,Country,Date,Lat,Lng,Max Temp,Humidity,Cloudiness,Wind Speed
0,Souillac,MU,2022-07-22 16:22:19,-20.5167,57.5167,70.27,79,30,15.68
1,Ushuaia,AR,2022-07-22 16:22:19,-54.8,-68.3,35.44,81,97,16.64
2,Scarborough,GB,2022-07-22 16:22:14,54.2797,-0.4044,61.93,73,100,3.0
3,Talnakh,RU,2022-07-22 16:22:19,69.4865,88.3972,64.76,60,72,5.48
4,Lebu,CL,2022-07-22 16:22:20,-37.6167,-73.65,54.1,97,100,10.71
5,Anzhero-Sudzhensk,RU,2022-07-22 16:22:20,56.081,86.0285,56.23,98,83,6.26
6,Punta Arenas,CL,2022-07-22 16:22:21,-53.15,-70.9167,37.11,70,19,20.89
7,Kutum,SD,2022-07-22 16:22:21,14.2,24.6667,88.5,25,14,11.45
8,Hasaki,JP,2022-07-22 16:22:21,35.7333,140.8333,77.29,91,37,18.61
9,Mnogovershinnyy,RU,2022-07-22 16:22:22,53.9353,139.9242,49.57,76,85,4.12
10,Ryotsu,JP,2022-07-22 16:22:22,38.0833,138.4333,74.35,92,76,8.7
11,Sao Gabriel Da Cachoeira,BR,2022-07-22 16:22:23,-0.1303,-67.0892,80.87,77,92,4.76
12,Puerto Escondido,MX,2022-07-22 16:18:31,15.85,-97.0667,84.02,72,99,5.7
13,Denpasar,ID,2022-07-22 16:22:23,-8.65,115.2167,76.89,83,100,8.7
14,Busselton,AU,2022-07-22 16:21:54,-33.65,115.3333,59.14,80,32,17.02
15,Honningsvag,NO,2022-07-22 16:22:24,70.9821,25.9704,53.17,83,74,23.4
16,Awbari,LY,2022-07-22 16:22:24,26.5921,12.7805,94.64,14,0,11.81
17,San Quintin,MX,2022-07-22 16:22:24,30.4833,-115.95,70.97,74,50,12.41
18,Yar-Sale,RU,2022-07-22 16:22:25,66.8333,70.8333,45.68,95,100,13.11
19,Tianpeng,CN,2022-07-22 16:22:25,30.9866,103.9393,67.19,95,95,5.06
20,Vanimo,PG,2022-07-22 16:22:25,-2.6741,141.3028,77.43,90,68,4.18
21,Atuona,PF,2022-07-22 16:20:16,-9.8,-139.0333,76.77,75,2,15.14
22,Baoshan,CN,2022-07-22 16:22:26,46.5586,131.4244,58.28,97,8,3.65
23,Cherskiy,RU,2022-07-22 16:17:27,68.75,161.3,32.0,94,24,7.0
24,New Norfolk,AU,2022-07-22 16:21:07,-42.7826,147.0587,46.9,82,99,2.21
25,Obihiro,JP,2022-07-22 16:22:26,42.9172,143.2044,63.1,99,100,1.07
26,Fairbanks,US,2022-07-22 16:22:27,64.8378,-147.7164,52.61,90,100,4.63
27,Antofagasta,CL,2022-07-22 16:22:27,-23.65,-70.4,61.79,71,79,8.48
28,Nikolskoye,RU,2022-07-22 16:22:28,59.7035,30.7861,81.81,44,38,2.51
29,Barrow,US,2022-07-22 16:22:04,71.2906,-156.7887,33.75,90,100,12.06
30,Jamestown,US,2022-07-22 16:22:28,42.097,-79.2353,81.95,69,0,4.0
31,Yellowknife,CA,2022-07-22 16:20:32,62.456,-114.3525,62.56,59,95,4.0
32,Puerto Ayora,EC,2022-07-22 16:22:29,-0.7393,-90.3518,72.55,82,55,8.01
33,Bubaque,GW,2022-07-22 16:22:29,11.2833,-15.8333,77.86,88,100,19.84
34,Port Alfred,ZA,2022-07-22 16:18:48,-33.5906,26.891,61.18,78,36,6.04
35,Itapissuma,BR,2022-07-22 16:22:30,-7.7764,-34.8922,79.11,76,82,12.03
36,Airai,TL,2022-07-22 16:22:30,-8.9266,125.4092,53.01,77,77,2.33
37,Albany,US,2022-07-22 16:22:30,42.6001,-73.9662,92.17,44,4,7.49
38,Leningradskiy,RU,2022-07-22 16:22:31,69.3833,178.4167,32.02,95,97,8.52
39,Georgetown,MY,2022-07-22 16:19:31,5.4112,100.3354,76.89,96,76,2.04
40,Tokur,RU,2022-07-22 16:22:31,53.1333,132.9,51.1,96,91,3.6
41,Batavia,US,2022-07-22 16:21:01,41.85,-88.3126,87.28,50,18,4.0
42,Bredasdorp,ZA,2022-07-22 16:23:31,-34.5322,20.0403,55.58,62,100,7.0
43,Saskylakh,RU,2022-07-22 16:23:32,71.9167,114.0833,48.52,72,100,6.69
44,Timaru,NZ,2022-07-22 16:23:32,-44.4,171.25,39.07,97,100,6.33
45,Longyearbyen,SJ,2022-07-22 16:23:32,78.2186,15.6401,47.53,92,100,1.54
46,Takayama,JP,2022-07-22 16:23:33,36.1333,137.25,67.19,96,86,1.99
47,Bluff,NZ,2022-07-22 16:23:33,-46.6,168.3333,35.8,83,94,7.31
48,Khasan,RU,2022-07-22 16:23:33,42.4308,130.6434,65.68,94,73,3.96
49,San Cristobal,VE,2022-07-22 16:21:32,7.7669,-72.225,82.89,44,100,7.76
50,East London,ZA,2022-07-22 16:20:03,-33.0153,27.9116,70.45,53,7,9.78
51,Palmer,US,2022-07-22 16:21:22,42.1584,-72.3287,91.62,49,0,4.0
52,Alice Springs,AU,2022-07-22 16:23:34,-23.7,133.8833,52.52,33,0,3.98
53,Mao,ES,2022-07-22 16:23:34,39.8885,4.2658,86.32,53,0,8.7
54,Libenge,CD,2022-07-22 16:23:35,3.65,18.6333,70.21,99,100,1.63
55,Kloulklubed,PW,2022-07-22 16:23:35,7.0419,134.2556,83.3,74,73,10.74
56,Koslan,RU,2022-07-22 16:19:48,63.4564,48.8989,71.96,45,67,5.75
57,Adre,TD,2022-07-22 16:23:36,13.4667,22.2,90.16,35,49,6.15
58,Salalah,OM,2022-07-22 16:21:34,17.0151,54.0924,78.21,87,100,6.6
59,Talara,PE,2022-07-22 16:23:36,-4.5772,-81.2719,67.55,77,85,10.42
60,Vaini,TO,2022-07-22 16:18:47,-21.2,-175.2,73.44,72,100,14.38
61,Upernavik,GL,2022-07-22 16:23:37,72.7868,-56.1549,42.03,95,100,26.24
62,Avera,US,2022-07-22 16:23:37,33.194,-82.5271,84.54,62,100,7.0
63,Qaqortoq,GL,2022-07-22 16:23:37,60.7167,-46.0333,51.28,71,22,5.88
64,Hilo,US,2022-07-22 16:18:51,19.7297,-155.09,75.27,100,39,1.99
65,Alofi,NU,2022-07-22 16:19:51,-19.0595,-169.9187,75.79,78,48,5.86
66,Biltine,TD,2022-07-22 16:23:38,14.5333,20.9167,72.86,77,77,8.84
67,Qui Nhon,VN,2022-07-22 16:20:14,13.7667,109.2333,78.13,86,99,4.7
68,Panjab,AF,2022-07-22 16:23:38,34.388,67.0233,66.74,47,88,4.83
69,Katherine,AU,2022-07-22 16:23:38,-14.4667,132.2667,59.86,23,5,6.55
70,Guilin,CN,2022-07-22 16:23:39,25.2819,110.2864,80.02,81,70,1.61
71,Raga,SS,2022-07-22 16:23:39,8.4596,25.678,78.89,78,98,0.83
72,Fare,PF,2022-07-22 16:23:39,-16.7,-151.0167,77.38,74,6,10.11
73,Naze,JP,2022-07-22 16:23:40,28.3667,129.4833,78.44,85,67,7.18
74,Mataura,NZ,2022-07-22 16:23:40,-46.1927,168.8643,35.47,98,14,3.04
75,Kapaa,US,2022-07-22 16:23:40,22.0752,-159.319,72.12,94,14,9.28
76,Hithadhoo,MV,2022-07-22 16:19:48,-0.6,73.0833,81.05,74,100,7.14
77,Chelno-Vershiny,RU,2022-07-22 16:23:41,54.4333,51.1,66.79,80,40,8.03
78,Atambua,ID,2022-07-22 16:23:41,-9.1061,124.8925,66.02,79,43,5.91
79,Rikitea,PF,2022-07-22 16:23:42,-23.1203,-134.9692,72.5,76,98,7.96
80,Broken Hill,AU,2022-07-22 16:23:42,-31.95,141.4333,54.88,69,100,11.88
81,Amapa,BR,2022-07-22 16:23:42,1.0,-52.0,90.57,47,35,3.8
82,Mount Gambier,AU,2022-07-22 16:22:22,-37.8333,140.7667,51.1,96,100,9.28
83,Cabo San Lucas,MX,2022-07-22 16:23:43,22.8909,-109.9124,85.53,61,97,5.88
84,Grindavik,IS,2022-07-22 16:23:43,63.8424,-22.4338,52.09,93,100,5.44
85,Saint George,US,2022-07-22 16:23:43,37.1041,-113.5841,94.42,21,31,3.0
86,Srednekolymsk,RU,2022-07-22 16:23:44,67.45,153.6833,45.01,63,58,10.36
87,Laguna,US,2022-07-22 16:23:44,38.421,-121.4238,86.97,51,0,4.0
88,Krasnoborsk,RU,2022-07-22 16:20:21,61.5598,45.934,71.46,64,47,4.97
89,Gushikawa,JP,2022-07-22 16:24:45,26.3544,127.8686,83.62,83,8,11.77
90,Kavieng,PG,2022-07-22 16:24:45,-2.5744,150.7967,81.64,79,34,9.75
91,Atar,MR,2022-07-22 16:24:45,20.5169,-13.0499,97.41,35,97,12.62
92,Novochernorechenskiy,RU,2022-07-22 16:24:46,56.2669,91.0828,56.62,97,57,5.44
93,Young,UY,2022-07-22 16:24:46,-32.6833,-57.6333,65.71,86,100,3.74
94,Maarianhamina,AX,2022-07-22 16:24:46,60.0973,19.9348,63.18,84,47,5.41
95,Lieksa,FI,2022-07-22 16:24:47,63.3167,30.0167,73.17,64,98,6.76
96,Verkhnevilyuysk,RU,2022-07-22 16:24:47,63.4453,120.3167,58.95,94,62,3.83
97,Quatre Cocos,MU,2022-07-22 16:24:47,-20.2078,57.7625,71.1,78,53,16.96
98,Wuan,CN,2022-07-22 16:24:48,31.6836,112.0044,72.46,93,100,5.57
99,Lagoa,PT,2022-07-22 16:24:48,39.05,-27.9833,72.52,86,100,8.72
100,Khatanga,RU,2022-07-22 16:24:48,71.9667,102.5,47.07,82,100,14.25
101,Cayenne,GF,2022-07-22 16:24:49,4.9333,-52.3333,87.1,1,8,6.35
102,Pouembout,NC,2022-07-22 16:24:49,-21.1333,164.9,73.67,92,52,7.83
103,Port Elizabeth,ZA,2022-07-22 16:24:49,-33.918,25.5701,62.31,49,76,5.01
104,Jyvaskyla,FI,2022-07-22 16:24:50,62.2415,25.7209,75.94,69,82,9.08
105,Havre-Saint-Pierre,CA,2022-07-22 16:24:50,50.2334,-63.5986,62.15,97,99,6.53
106,Nanortalik,GL,2022-07-22 16:24:50,60.1432,-45.2371,47.97,81,40,5.53
107,Okha,RU,2022-07-22 16:24:51,53.5739,142.9478,52.16,90,92,9.53
108,Alzamay,RU,2022-07-22 16:24:51,55.5562,98.6644,58.28,97,94,1.68
109,Sao Filipe,CV,2022-07-22 16:24:51,14.8961,-24.4956,75.97,80,73,7.56
110,Thompson,CA,2022-07-22 16:24:52,55.7435,-97.8558,52.38,86,100,7.23
111,Hamilton,US,2022-07-22 16:22:26,39.1834,-84.5333,90.95,61,1,5.99
112,Hermanus,ZA,2022-07-22 16:24:52,-34.4187,19.2345,57.79,66,90,11.7
113,Itoman,JP,2022-07-22 16:24:52,26.1247,127.6694,84.4,84,9,12.84
114,Victoria,HK,2022-07-22 16:21:13,22.2855,114.1577,89.19,80,3,10.0
115,Pierre,US,2022-07-22 16:24:17,44.3683,-100.351,85.28,54,0,8.01
116,Bonthe,SL,2022-07-22 16:22:31,7.5264,-12.505,80.56,73,81,13.0
117,Lesogorsk,RU,2022-07-22 16:24:53,56.0458,99.5136,59.13,96,100,1.63
118,Baghmara,IN,2022-07-22 16:24:54,23.795,86.2085,82.58,78,99,6.98
119,Saint Anthony,US,2022-07-22 16:24:54,45.0205,-93.218,86.9,47,1,1.99
120,Mar Del Plata,AR,2022-07-22 16:24:54,-38.0023,-57.5575,52.95,65,100,1.99
121,Yulara,AU,2022-07-22 16:22:16,-25.2406,130.9889,61.7,29,90,7.63
122,Tiksi,RU,2022-07-22 16:24:55,71.6872,128.8694,42.71,81,61,6.51
123,Aykhal,RU,2022-07-22 16:24:55,66.0,111.5,56.03,83,79,3.2
124,Saint-Pierre,RE,2022-07-22 16:24:55,-21.3393,55.4781,70.92,74,18,10.31
125,Mahibadhoo,MV,2022-07-22 16:24:56,3.7833,72.9667,81.91,72,100,18.57
126,Morant Bay,JM,2022-07-22 16:24:56,17.8815,-76.4093,86.29,69,4,12.57
127,Wiarton,CA,2022-07-22 16:24:56,44.7407,-81.1332,82.96,54,20,7.67
128,Bosanska Krupa,BA,2022-07-22 16:24:57,44.8825,16.1514,94.66,26,1,4.03
129,Arraial Do Cabo,BR,2022-07-22 16:24:57,-22.9661,-42.0278,73.09,75,2,13.76
130,Dalvik,IS,2022-07-22 16:24:57,65.9702,-18.5286,53.64,81,93,5.59
131,Hambantota,LK,2022-07-22 16:24:58,6.1241,81.1185,79.5,81,98,20.38
132,Saint-Philippe,RE,2022-07-22 16:24:58,-21.3585,55.7679,67.21,82,32,13.4
133,Chokurdakh,RU,2022-07-22 16:25:59,70.6333,147.9167,38.59,83,79,11.61
134,Sinnar,SD,2022-07-22 16:25:59,13.5691,33.5672,91.13,41,34,6.91
135,Beloha,MG,2022-07-22 16:24:28,-25.1667,45.05,66.38,75,3,9.64
136,Butaritari,KI,2022-07-22 16:25:59,3.0707,172.7902,81.03,77,33,10.18
137,Ayan,RU,2022-07-22 16:26:00,56.45,138.1667,56.77,92,65,4.92
138,Vardo,NO,2022-07-22 16:26:00,70.3705,31.1107,53.92,85,81,13.78
139,Hobart,AU,2022-07-22 16:26:00,-42.8794,147.3294,47.26,90,100,6.96
140,Navolato,MX,2022-07-22 16:26:01,24.7672,-107.6944,89.13,75,93,11.63
141,Ust-Maya,RU,2022-07-22 16:26:01,60.4167,134.5333,68.83,72,60,0.34
142,Mayo,US,2022-07-22 16:26:01,38.8876,-76.5119,94.35,49,69,4.0
143,Bambous Virieux,MU,2022-07-22 16:26:02,-20.3428,57.7575,71.22,78,41,17.18
144,Qaanaaq,GL,2022-07-22 16:26:02,77.484,-69.3632,42.3,85,100,11.59
145,Marin,US,2022-07-22 16:26:03,38.0666,-122.7344,65.16,69,46,1.99
146,Manicore,BR,2022-07-22 16:26:04,-5.8092,-61.3003,96.24,37,11,1.59
147,Batagay-Alyta,RU,2022-07-22 16:26:04,67.8006,130.4114,59.32,93,100,2.98
148,Assiniboia,CA,2022-07-22 16:22:14,49.6334,-105.9845,77.29,35,77,6.67
149,Varazdin,HR,2022-07-22 16:26:05,46.3044,16.3378,95.9,25,2,6.15
150,Palana,RU,2022-07-22 16:25:36,59.1167,159.9667,46.78,77,0,4.14
151,Tabou,CI,2022-07-22 16:26:05,4.423,-7.3528,79.65,61,28,7.43
152,Codrington,AU,2022-07-22 16:26:06,-38.2667,141.9667,51.73,88,100,3.94
153,Humaita,BR,2022-07-22 16:26:06,-7.5061,-63.0208,96.64,32,14,1.54
154,Ruski Krstur,RS,2022-07-22 16:26:06,45.5628,19.4158,102.88,10,0,3.74
155,Narsaq,GL,2022-07-22 16:22:30,60.9167,-46.05,56.23,57,54,6.35
156,Sur,OM,2022-07-22 16:23:15,22.5667,59.5289,89.85,63,79,8.43
157,Lixourion,GR,2022-07-22 16:26:07,38.2019,20.4314,83.05,57,0,10.85
158,Khash,IR,2022-07-22 16:26:08,28.2211,61.2158,91.99,29,96,17.81
159,General Roca,AR,2022-07-22 16:26:08,-39.0333,-67.5833,49.62,69,100,9.13
160,Port-Cartier,CA,2022-07-22 16:26:08,50.0334,-66.8654,58.75,97,100,1.34
161,Dingle,PH,2022-07-22 16:26:09,10.9995,122.6711,77.27,90,68,4.41
162,Kodiak,US,2022-07-22 16:26:09,57.79,-152.4072,49.1,81,70,2.01
163,Rocha,UY,2022-07-22 16:23:27,-34.4833,-54.3333,61.12,74,89,3.4
164,Cape Town,ZA,2022-07-22 16:24:03,-33.9258,18.4232,59.34,79,100,4.0
165,Lorengau,PG,2022-07-22 16:26:10,-2.0226,147.2712,81.79,80,86,7.74
166,Dikson,RU,2022-07-22 16:26:10,73.5069,80.5464,54.54,69,100,11.12
167,Bac Lieu,VN,2022-07-22 16:21:38,9.285,105.7244,79.77,80,55,3.2
168,Puerto Narino,CO,2022-07-22 16:26:11,-3.7703,-70.3831,78.82,92,74,2.57
169,Sibolga,ID,2022-07-22 16:26:11,1.7427,98.7792,77.18,89,88,3.65
170,Whitehorse,CA,2022-07-22 16:26:11,60.7161,-135.0538,54.1,62,75,13.0
171,Luderitz,NA,2022-07-22 16:24:48,-26.6481,15.1594,63.09,64,8,14.97
172,Kruisfontein,ZA,2022-07-22 16:26:12,-34.0033,24.7314,58.89,70,100,4.97
173,Hofn,IS,2022-07-22 16:26:12,64.2539,-15.2082,52.3,88,98,4.74
174,Ismailia,EG,2022-07-22 16:26:13,30.6043,32.2723,87.26,38,0,17.58
175,Auki,SB,2022-07-22 16:26:13,-8.7676,160.7034,75.87,85,97,3.49
176,Tautira,PF,2022-07-22 16:26:13,-17.7333,-149.15,75.79,79,50,11.39
177,Kushmurun,KZ,2022-07-22 16:27:14,52.4503,64.6311,67.17,59,11,6.78
178,Soyo,AO,2022-07-22 16:22:24,-6.1349,12.3689,71.71,75,79,8.75
179,Oktyabrskoye,RU,2022-07-22 16:27:14,43.0645,44.7417,66.02,79,65,1.41
180,Geraldton,AU,2022-07-22 16:27:15,-28.7667,114.6,60.98,64,76,3.74
181,Lata,PT,2022-07-22 16:27:15,40.1629,-8.3327,86.49,45,11,11.41
182,Bilibino,RU,2022-07-22 16:27:15,68.0546,166.4372,34.32,90,90,5.97
183,Tuatapere,NZ,2022-07-22 16:25:52,-46.1333,167.6833,38.12,94,54,3.83
184,Purificacion,CO,2022-07-22 16:27:16,3.8587,-74.9313,87.19,48,83,2.33
185,Malakal,SS,2022-07-22 16:27:16,9.5334,31.6605,81.39,67,73,4.14
186,Clyde River,CA,2022-07-22 16:27:17,70.4692,-68.5914,52.93,57,73,5.37
187,Gondanglegi,ID,2022-07-22 16:27:17,-7.7479,112.0132,73.45,83,65,9.86
188,Odesskoye,RU,2022-07-22 16:27:17,54.2111,72.9651,59.47,73,19,7.92
189,Barstow,US,2022-07-22 16:27:18,34.8986,-117.0228,88.16,12,18,8.34
190,Yellandu,IN,2022-07-22 16:27:18,17.6,80.3333,74.39,96,100,7.7
191,Coquimbo,CL,2022-07-22 16:27:18,-29.9533,-71.3436,58.66,80,20,4.99
192,Yabluniv,UA,2022-07-22 16:27:19,48.4042,24.9387,86.38,35,1,7.85
193,Sao Felix Do Xingu,BR,2022-07-22 16:27:19,-6.6447,-51.995,94.98,21,66,4.7
194,Kharp,RU,2022-07-22 16:27:20,66.8014,65.8081,47.77,80,100,9.57
195,Hervey Bay,AU,2022-07-22 16:27:20,-25.2986,152.8535,63.3,83,94,21.23
196,Camacha,PT,2022-07-22 16:24:34,33.0833,-16.3333,66.65,79,31,19.33
197,Plettenberg Bay,ZA,2022-07-22 16:27:21,-34.0527,23.3716,58.19,67,76,3.76
198,Koceljeva,RS,2022-07-22 16:27:21,44.4736,19.8117,102.16,10,0,6.29
199,Matinhos,BR,2022-07-22 16:27:21,-25.8175,-48.5428,73.69,66,29,6.29
200,Umm Bab,QA,2022-07-22 16:27:22,25.2142,50.8072,97.95,53,60,9.06
201,Constitucion,CL,2022-07-22 16:24:59,-35.3333,-72.4167,58.86,71,100,8.1
202,Kemijarvi,FI,2022-07-22 16:27:22,66.7131,27.4306,70.0,45,92,9.04
203,Torbay,CA,2022-07-22 16:27:23,47.6666,-52.7314,76.87,68,96,4.0
204,Novopokrovka,UA,2022-07-22 16:27:23,49.8425,36.5477,62.78,84,83,12.19
205,Jalpan,MX,2022-07-22 16:27:23,21.2333,-99.4833,79.95,56,99,3.67
206,Tasiilaq,GL,2022-07-22 16:27:24,65.6145,-37.6368,40.77,76,67,4.34
207,Sabang,ID,2022-07-22 16:27:25,5.8933,95.3214,81.63,79,100,6.87
208,Nobres,BR,2022-07-22 16:27:25,-14.7203,-56.3275,95.07,20,40,5.86
209,Sangar,RU,2022-07-22 16:27:25,63.9242,127.4739,56.75,96,52,3.2
210,Oranjemund,NA,2022-07-22 16:27:26,-28.55,16.4333,57.07,80,45,13.15
211,Nishihara,JP,2022-07-22 16:27:26,26.1842,127.7558,83.68,83,10,11.3
212,Novyy Urengoy,RU,2022-07-22 16:27:26,66.0833,76.6333,51.21,67,100,6.08
213,Mahebourg,MU,2022-07-22 16:27:27,-20.4081,57.7,71.26,78,31,17.31
214,Fortuna,US,2022-07-22 16:27:27,40.5982,-124.1573,59.94,87,81,3.0
215,Gavle,SE,2022-07-22 16:27:27,60.6745,17.1417,59.38,82,100,1.01
216,Severo-Kurilsk,RU,2022-07-22 16:25:37,50.6789,156.125,53.98,93,100,4.79
217,Nuuk,GL,2022-07-22 16:27:28,64.1835,-51.7216,50.88,76,20,10.0
218,Klaksvik,FO,2022-07-22 16:28:29,62.2266,-6.589,51.87,82,98,8.75
219,Pineville,US,2022-07-22 16:28:29,31.3224,-92.4343,93.97,48,98,3.36
220,Castro,BR,2022-07-22 16:28:29,-24.7911,-50.0119,74.64,40,40,5.88
221,Ancud,CL,2022-07-22 16:28:30,-41.8697,-73.8203,40.23,94,100,11.27
222,Shimoda,JP,2022-07-22 16:28:30,34.6667,138.95,78.1,85,0,14.7
223,Farah,AF,2022-07-22 16:28:30,32.5,62.5,98.08,8,0,8.97
224,Linhares,BR,2022-07-22 16:28:31,-19.3911,-40.0722,83.19,46,9,7.09
225,Norman Wells,CA,2022-07-22 16:28:31,65.282,-126.8329,68.11,60,33,4.25
226,Avarua,CK,2022-07-22 16:28:31,-21.2078,-159.775,74.37,79,95,12.48
227,Ailigandi,PA,2022-07-22 16:28:32,9.2333,-78.0167,81.45,80,100,3.15
228,Kabare,CD,2022-07-22 16:28:32,-2.4683,28.8242,68.81,57,89,4.83
229,Ribeira Grande,PT,2022-07-22 16:28:33,38.5167,-28.7,73.99,83,98,5.95
230,Flinders,AU,2022-07-22 16:28:33,-34.5833,150.8552,52.18,91,68,5.99
231,Ponta Do Sol,PT,2022-07-22 16:24:27,32.6667,-17.1,82.71,57,0,2.93
232,Bethel,US,2022-07-22 16:28:33,41.3712,-73.414,92.35,51,0,5.01
233,Vila Velha,BR,2022-07-22 16:28:34,-20.3297,-40.2925,77.95,70,2,3.0
234,Namatanai,PG,2022-07-22 16:25:59,-3.6667,152.4333,79.07,83,100,6.29
235,Doka,SD,2022-07-22 16:28:34,13.5167,35.7667,81.43,64,75,6.35
236,Guerrero Negro,MX,2022-07-22 16:27:09,27.9769,-114.0611,72.25,69,4,18.03
237,Bambanglipuro,ID,2022-07-22 16:25:00,-7.95,110.2833,74.95,84,85,5.55
238,Berlevag,NO,2022-07-22 16:28:35,70.8578,29.0864,54.5,83,86,18.77
239,Esperance,AU,2022-07-22 16:28:35,-33.8667,121.9,53.38,77,84,12.62
240,Waipawa,NZ,2022-07-22 16:28:35,-41.4122,175.5153,39.92,73,52,4.72
241,Ajdabiya,LY,2022-07-22 16:28:36,30.7554,20.2263,82.74,54,0,25.05
242,Ilulissat,GL,2022-07-22 16:28:36,69.2167,-51.1,43.52,95,100,5.35
243,Koulamoutou,GA,2022-07-22 16:28:36,-1.1303,12.4736,83.21,53,89,2.06
244,Timmins,CA,2022-07-22 16:27:11,48.4669,-81.3331,76.08,45,5,10.45
245,Los Llanos De Aridane,ES,2022-07-22 16:28:37,28.6585,-17.9182,73.65,69,12,10.83
246,Olafsvik,IS,2022-07-22 16:28:37,64.8945,-23.7142,52.93,84,100,0.34
247,Bengkulu,ID,2022-07-22 16:28:38,-3.8004,102.2655,76.24,89,90,5.19
248,Palanga,LT,2022-07-22 16:28:38,55.9175,21.0686,70.54,78,52,8.25
249,Mumford,GH,2022-07-22 16:28:38,5.2618,-0.759,76.73,76,58,12.33
250,Provideniya,RU,2022-07-22 16:28:39,64.3833,-173.3,40.8,85,65,9.64
251,Birjand,IR,2022-07-22 16:28:39,32.8663,59.2211,87.94,10,0,16.13
252,Ottawa,CA,2022-07-22 16:26:57,45.4112,-75.6981,84.58,57,0,9.64
253,Magadan,RU,2022-07-22 16:28:39,59.5667,150.8,55.71,85,69,1.3
254,Niquelandia,BR,2022-07-22 16:28:40,-14.4739,-48.4597,88.95,20,0,5.32
255,Biak,ID,2022-07-22 16:28:40,-0.9131,122.8766,75.78,88,60,6.6
256,Goderich,CA,2022-07-22 16:28:40,43.7501,-81.7165,73.9,76,1,8.3
257,Aklavik,CA,2022-07-22 16:28:41,68.2191,-135.0107,65.82,56,51,4.0
258,Acajutla,SV,2022-07-22 16:28:10,13.5928,-89.8275,83.25,69,98,4.88
259,Port Hedland,AU,2022-07-22 16:28:06,-20.3167,118.5667,72.12,82,0,10.22
260,Kaifeng,CN,2022-07-22 16:28:41,34.7911,114.3483,68.52,93,100,7.11
261,Mwinilunga,ZM,2022-07-22 16:28:42,-11.7358,24.4293,72.66,30,64,6.15
262,Kamenka,RU,2022-07-22 16:24:10,51.3223,42.7678,64.96,78,95,4.16
263,San Policarpo,PH,2022-07-22 16:24:30,12.1791,125.5072,81.03,81,86,0.2
264,Tarbert,GB,2022-07-22 16:28:42,55.8628,-5.4162,63.5,92,95,1.9
265,Boca Do Acre,BR,2022-07-22 16:29:42,-8.7522,-67.3978,92.3,36,5,2.66
266,College,US,2022-07-22 16:24:59,64.8569,-147.8028,52.59,90,100,4.54
267,Smithers,CA,2022-07-22 16:25:12,54.7804,-127.1743,62.55,65,92,3.15
268,Vestmannaeyjar,IS,2022-07-22 16:29:43,63.4427,-20.2734,51.55,95,100,9.44
269,Pangnirtung,CA,2022-07-22 16:29:43,66.1451,-65.7125,53.2,60,46,3.06
270,Todos Santos,MX,2022-07-22 16:29:44,23.45,-110.2167,97.3,63,89,6.22
271,Podor,MR,2022-07-22 16:29:44,16.6527,-14.9587,89.64,52,96,9.66
272,Carnarvon,AU,2022-07-22 16:29:44,-24.8667,113.6333,64.74,64,0,17.25
273,Yumen,CN,2022-07-22 16:29:45,40.2833,97.2,78.78,13,0,11.48
274,Nicoresti,RO,2022-07-22 16:29:45,45.9322,27.3087,93.22,20,1,15.93
275,Jalu,LY,2022-07-22 16:29:45,29.0331,21.5482,94.91,15,0,12.39
276,Kochubey,RU,2022-07-22 16:29:46,44.3861,46.5825,76.75,47,8,9.78
277,Viedma,AR,2022-07-22 16:27:46,-40.8135,-62.9967,50.14,52,96,6.11
278,Nador,MA,2022-07-22 16:29:46,35.174,-2.9287,85.6,55,9,9.06
279,Kaoma,ZM,2022-07-22 16:29:46,-14.7833,24.8,72.3,32,97,7.83
280,Verkhoyansk,RU,2022-07-22 16:29:47,67.5447,133.385,63.99,79,99,1.36
281,Kirovohrad,UA,2022-07-22 16:29:47,48.5132,32.2597,77.86,37,38,17.16
282,Wanxian,CN,2022-07-22 16:29:48,30.8039,108.3897,76.93,96,100,4.7
283,Anadyr,RU,2022-07-22 16:26:59,64.75,177.4833,44.01,93,100,4.0
284,Mount Vernon,US,2022-07-22 16:29:48,40.9126,-73.8371,94.01,42,1,1.99
285,Katobu,ID,2022-07-22 16:29:48,-4.9408,122.5276,73.02,84,11,5.3
286,Tigzirt,DZ,2022-07-22 16:29:49,36.8886,4.1198,87.75,52,0,11.34
287,Juba,SS,2022-07-22 16:29:49,4.8517,31.5825,81.37,60,66,4.47
288,Copiapo,CL,2022-07-22 16:29:50,-27.3667,-70.3333,65.16,57,99,3.29
289,Tura,IN,2022-07-22 16:29:50,25.5198,90.2201,75.97,95,100,3.47
290,Katsuura,JP,2022-07-22 16:29:50,35.1333,140.3,79.02,86,43,19.3
291,Viransehir,TR,2022-07-22 16:29:50,37.2353,39.7631,96.44,15,0,14.03
292,Moree,AU,2022-07-22 16:29:51,-29.4667,149.85,52.14,74,11,10.51
293,Coahuayana,MX,2022-07-22 16:29:51,18.7333,-103.6833,88.39,63,90,2.91
294,Warrnambool,AU,2022-07-22 16:29:51,-38.3833,142.4833,53.82,70,100,11.83
295,Mimongo,GA,2022-07-22 16:29:52,-1.6195,11.6068,81.61,51,66,4.18
296,Kahului,US,2022-07-22 16:29:52,20.8947,-156.47,76.84,86,2,8.99
297,Lavrentiya,RU,2022-07-22 16:28:18,65.5833,-171.0,39.63,87,74,12.59
298,Kununurra,AU,2022-07-22 16:27:58,-15.7667,128.7333,67.5,25,51,4.14
299,Mwense,ZM,2022-07-22 16:29:53,-10.3845,28.698,79.65,27,50,9.46
300,Dakoro,NE,2022-07-22 16:29:53,14.5106,6.765,94.77,34,100,2.28
301,Robe,AU,2022-07-22 16:29:53,-37.1833,139.75,52.95,93,100,14.16
302,Necochea,AR,2022-07-22 16:29:54,-38.5473,-58.7368,51.12,64,100,3.62
303,Vila Franca Do Campo,PT,2022-07-22 16:24:55,37.7167,-25.4333,76.42,65,97,3.15
304,Uniara,IN,2022-07-22 16:29:54,26.15,75.2167,80.49,81,100,9.89
305,Zyryanka,RU,2022-07-22 16:29:55,65.75,150.85,48.56,64,11,3.02
306,Mindelo,CV,2022-07-22 16:29:55,16.8901,-24.9804,74.98,77,43,1.45
307,Kjollefjord,NO,2022-07-22 16:29:55,70.9457,27.3465,54.3,82,75,19.06
308,Seoul,KR,2022-07-22 16:26:57,37.5683,126.9778,74.07,81,93,1.41
309,Vanavara,RU,2022-07-22 16:29:56,60.34,102.2797,64.35,63,82,6.08
310,Pombia,IT,2022-07-22 16:29:56,45.653,8.6336,99.12,29,5,5.01
311,Praia,CV,2022-07-22 16:30:56,14.9215,-23.5087,77.61,79,89,0.87
312,Mani,CO,2022-07-22 16:30:57,4.8172,-72.2886,84.94,66,87,2.53
313,Abha,SA,2022-07-22 16:30:57,18.2164,42.5053,71.42,48,27,5.57
314,Sarny,UA,2022-07-22 16:30:57,51.338,26.6019,75.09,61,0,6.04
315,Ginir,ET,2022-07-22 16:30:58,7.1333,40.7,58.32,76,53,8.34
316,Narodychi,UA,2022-07-22 16:30:58,51.2029,29.0823,71.51,58,0,6.15
317,Tignere,CM,2022-07-22 16:30:58,7.3667,12.65,67.01,95,99,2.95
318,Isangel,VU,2022-07-22 16:30:59,-19.55,169.2667,75.92,87,100,10.51
319,Udaipura,IN,2022-07-22 16:30:59,23.0833,78.5,75.31,96,100,10.09
320,Nhulunbuy,AU,2022-07-22 16:31:00,-12.2333,136.7667,67.55,75,85,8.55
321,Portland,US,2022-07-22 16:30:24,45.5234,-122.6762,64.99,79,100,1.99
322,Valdivia,CL,2022-07-22 16:31:00,-39.8142,-73.2459,53.42,98,100,7.43
323,Tuktoyaktuk,CA,2022-07-22 16:31:00,69.4541,-133.0374,56.37,71,86,6.8
324,Wanaka,NZ,2022-07-22 16:31:01,-44.7,169.15,22.32,92,15,2.71
325,Marienburg,PL,2022-07-22 16:27:44,54.0359,19.0266,81.88,60,62,8.52
326,Mehamn,NO,2022-07-22 16:31:01,71.0357,27.8492,53.64,85,63,22.86
327,Pasighat,IN,2022-07-22 16:31:02,28.0667,95.3333,77.59,86,100,2.89
328,Inongo,CD,2022-07-22 16:31:02,-1.95,18.2667,72.95,74,96,0.92
329,Kuala Terengganu,MY,2022-07-22 16:31:02,5.3302,103.1408,79.65,82,70,0.58
330,Damaturu,NG,2022-07-22 16:31:03,11.747,11.9608,82.63,67,100,5.61
331,Aranda De Duero,ES,2022-07-22 16:31:03,41.6704,-3.6892,94.23,12,75,15.05
332,Maniitsoq,GL,2022-07-22 16:31:04,65.4167,-52.9,44.96,89,96,5.5
333,Cockburn Town,TC,2022-07-22 16:26:23,21.4612,-71.1419,79.45,85,100,20.71
334,Miraflores,MX,2022-07-22 16:31:04,19.2167,-98.8083,73.98,46,64,2.93
335,Gornopravdinsk,RU,2022-07-22 16:31:04,60.05,69.9,53.91,89,73,3.74
336,Faanui,PF,2022-07-22 16:31:05,-16.4833,-151.75,77.65,74,13,10.29
337,Sao Miguel Do Araguaia,BR,2022-07-22 16:31:05,-13.275,-50.1628,93.49,20,0,6.8
338,Husavik,IS,2022-07-22 16:27:28,66.0449,-17.3389,52.07,80,66,6.31
339,Port-Gentil,GA,2022-07-22 16:31:06,-0.7193,8.7815,74.84,78,46,17.43
340,Houma,US,2022-07-22 16:31:06,29.5958,-90.7195,90.0,81,100,4.79
341,Novikovo,RU,2022-07-22 16:31:06,51.1537,37.8879,60.21,90,89,11.77
342,Meulaboh,ID,2022-07-22 16:28:11,4.1363,96.1285,75.67,89,100,8.12
343,Egvekinot,RU,2022-07-22 16:31:07,66.3167,-179.1667,38.3,80,97,9.6
344,Ascension,US,2022-07-22 16:31:07,30.2169,-90.9001,87.01,52,89,3.69
345,Nave,IT,2022-07-22 16:31:08,45.5875,10.29,97.72,28,1,6.46
346,Richards Bay,ZA,2022-07-22 16:31:08,-28.783,32.0377,68.07,78,0,12.15
347,Tahe,CN,2022-07-22 16:31:08,52.3333,124.7333,59.7,90,18,1.12
348,Nortelandia,BR,2022-07-22 16:31:09,-14.4547,-56.8028,95.7,19,27,6.26
349,Saint-Augustin,CA,2022-07-22 16:31:09,51.226,-58.6502,69.21,56,99,16.04
350,Channel-Port Aux Basques,CA,2022-07-22 16:31:09,47.5702,-59.1367,62.19,97,97,15.01
351,Agde,FR,2022-07-22 16:31:10,43.3108,3.4758,91.89,100,64,3.0
352,Eyrarbakki,IS,2022-07-22 16:31:10,63.863,-21.1481,57.2,96,100,4.83
353,Altay,CN,2022-07-22 16:31:10,47.8667,88.1167,63.99,75,93,6.2
354,Scottsbluff,US,2022-07-22 16:27:54,41.8666,-103.6672,86.77,37,30,1.99
355,Uniontown,US,2022-07-22 16:31:11,39.9001,-79.7164,87.46,44,0,1.99
356,Havoysund,NO,2022-07-22 16:31:11,70.9963,24.6622,52.47,91,60,23.04
357,Safaga,EG,2022-07-22 16:29:22,26.7292,33.9365,90.43,47,8,12.21
358,Boddam,GB,2022-07-22 16:32:12,57.4667,-1.7833,64.44,75,100,7.0
359,Tocopilla,CL,2022-07-22 16:32:12,-22.092,-70.1979,65.97,68,39,7.52
360,San Patricio,US,2022-07-22 16:32:13,28.017,-97.5169,92.16,41,92,14.14
361,Kristinehamn,SE,2022-07-22 16:32:00,59.3098,14.1081,62.85,89,98,10.83
362,Mariakani,KE,2022-07-22 16:32:13,-3.8633,39.4736,69.49,84,13,8.21
363,Lucea,JM,2022-07-22 16:29:46,18.451,-78.1736,87.85,71,15,14.83
364,Tommot,RU,2022-07-22 16:32:14,58.9564,126.2925,65.16,88,76,1.81
365,Najran,SA,2022-07-22 16:32:14,17.4924,44.1277,93.54,18,38,8.97
366,Rurrenabaque,BO,2022-07-22 16:32:14,-14.4413,-67.5278,90.09,42,1,3.6
367,Zhigansk,RU,2022-07-22 16:32:15,66.7697,123.3711,51.93,94,97,7.78
368,Havre,FR,2022-07-22 16:32:15,49.5833,0.3333,71.2,76,88,6.87
369,Manggar,ID,2022-07-22 16:32:15,-2.8833,108.2667,80.49,79,99,5.66
370,Sobolevo,RU,2022-07-22 16:32:16,54.4299,31.8996,68.41,76,6,3.51
371,Saldanha,ZA,2022-07-22 16:32:16,-33.0117,17.9442,56.12,85,100,3.74
372,Olinda,BR,2022-07-22 16:32:17,-8.0089,-34.8553,78.51,77,82,13.91
373,Fort Nelson,CA,2022-07-22 16:32:17,58.8053,-122.7002,67.28,43,12,2.73
374,Santa Isabel Do Rio Negro,BR,2022-07-22 16:32:17,-0.4139,-65.0192,81.66,86,84,0.76
375,North Chicago,US,2022-07-22 16:32:18,42.3256,-87.8412,86.92,46,3,1.01
376,Amahai,ID,2022-07-22 16:32:18,-3.3333,128.9167,74.84,79,53,4.09
377,Franklin Square,US,2022-07-22 16:32:18,40.7073,-73.676,95.47,44,3,8.01
378,Poum,NC,2022-07-22 16:32:19,-20.2333,164.0167,77.25,90,41,19.39
379,Reyes,BO,2022-07-22 16:32:19,-14.3167,-67.3833,90.91,39,0,4.45
380,Taoudenni,ML,2022-07-22 16:32:01,22.6783,-3.9836,109.99,12,9,2.57
381,Tual,ID,2022-07-22 16:32:20,-5.6667,132.75,77.38,77,69,13.91
382,Mapiripan,CO,2022-07-22 16:32:20,2.8892,-72.1256,85.69,60,24,2.93
383,Zalantun,CN,2022-07-22 16:32:20,48.0,122.7167,64.83,97,71,4.94
384,Innisfail,AU,2022-07-22 16:32:21,-17.5333,146.0333,61.93,89,9,4.59
385,Yarada,IN,2022-07-22 16:32:21,17.65,83.2667,84.18,78,100,8.19
386,Salvador,SV,2022-07-22 16:30:49,13.8333,-88.9167,83.05,62,59,1.72
387,Yankton,US,2022-07-22 16:29:13,42.8711,-97.3973,93.58,28,0,13.29
388,Maragogi,BR,2022-07-22 16:32:22,-9.0122,-35.2225,78.26,78,79,11.27
389,Marsa Matruh,EG,2022-07-22 16:32:22,31.3525,27.2453,79.5,69,0,13.47
390,Ahipara,NZ,2022-07-22 16:32:22,-35.1667,173.1667,48.54,86,77,7.02
391,Sinnamary,GF,2022-07-22 16:32:23,5.3833,-52.95,83.16,71,14,6.85
392,Llangefni,GB,2022-07-22 16:32:23,53.2556,-4.3106,66.11,77,82,7.83
393,Porto Novo,BJ,2022-07-22 16:32:23,6.4965,2.6036,78.84,73,99,10.22
394,Andenes,NO,2022-07-22 16:32:24,69.3143,16.1194,53.92,83,94,31.68
395,Buraydah,SA,2022-07-22 16:32:24,26.326,43.975,101.16,10,23,11.36
396,Chuy,UY,2022-07-22 16:32:25,-33.6971,-53.4616,60.01,83,100,3.15
397,Mawlaik,MM,2022-07-22 16:32:25,23.6333,94.4167,78.44,92,98,0.81
398,Harbour Breton,CA,2022-07-22 16:32:25,47.4833,-55.7983,65.44,81,61,5.06
399,Yabelo,ET,2022-07-22 16:32:26,4.8833,38.0833,61.72,57,99,11.39
400,Pundaguitan,PH,2022-07-22 16:33:26,6.3711,126.1689,82.8,73,62,7.58
401,Sao Joao Da Barra,BR,2022-07-22 16:29:17,-21.6403,-41.0511,74.16,73,2,12.57
402,Esso,RU,2022-07-22 16:33:26,55.9333,158.7,49.41,80,15,4.43
403,Petropavlovsk-Kamchatskiy,RU,2022-07-22 16:33:27,53.0452,158.6483,51.03,85,62,0.38
404,Lazaro Cardenas,MX,2022-07-22 16:33:27,17.9583,-102.2,85.1,69,99,5.61
405,Santa Cruz,BO,2022-07-22 16:28:34,-17.8,-63.1667,84.49,36,0,15.77
406,Manyoni,TZ,2022-07-22 16:33:28,-5.7467,34.8382,68.07,42,0,8.41
407,Ayodhya,IN,2022-07-22 16:33:28,26.8,82.2,86.97,69,100,7.02
408,Chapais,CA,2022-07-22 16:32:44,49.7834,-74.8492,71.11,58,49,12.57
409,Pontes E Lacerda,BR,2022-07-22 16:33:28,-15.2261,-59.3353,94.57,19,18,5.79
410,Waddan,LY,2022-07-22 16:33:29,29.1614,16.139,91.08,18,0,11.01
411,Lubango,AO,2022-07-22 16:33:29,-14.9172,13.4925,64.26,26,2,5.41
412,Saint-Louis,SN,2022-07-22 16:30:29,16.3333,-15.0,86.5,58,100,9.04
413,Vila,PT,2022-07-22 16:33:30,42.0304,-8.1588,78.69,38,31,8.75
414,Zhuanghe,CN,2022-07-22 16:33:30,39.7008,122.9911,73.11,88,100,2.42
415,Orange,US,2022-07-22 16:31:00,33.7,-117.7675,80.78,80,54,1.01
416,Garissa,KE,2022-07-22 16:33:30,-0.4536,39.6401,78.69,50,62,25.48
417,Linxia,CN,2022-07-22 16:33:31,35.6003,103.2064,58.69,58,0,4.59
418,Peqin,AL,2022-07-22 16:33:31,41.0461,19.7511,90.84,30,0,7.81
419,Vestmanna,FO,2022-07-22 16:33:31,62.1564,-7.1664,50.85,80,99,4.43
420,Whitefish,US,2022-07-22 16:33:32,48.4111,-114.3376,68.76,38,97,3.65
421,Kawalu,ID,2022-07-22 16:33:32,-7.3817,108.2082,71.53,96,97,1.34
422,Cap Malheureux,MU,2022-07-22 16:33:32,-19.9842,57.6142,71.47,72,45,5.99
423,Yerbogachen,RU,2022-07-22 16:33:33,61.2767,108.0108,62.08,69,100,5.14
424,Pevek,RU,2022-07-22 16:33:33,69.7008,170.3133,31.62,90,100,2.21
425,Kaitangata,NZ,2022-07-22 16:33:33,-46.2817,169.8464,38.68,92,84,4.68
426,Opuwo,NA,2022-07-22 16:33:34,-18.0607,13.84,69.69,20,0,6.49
427,Lovozero,RU,2022-07-22 16:32:23,68.005,35.0117,60.33,85,100,7.27
428,Malysheva,RU,2022-07-22 16:33:34,57.1185,61.4035,61.68,74,93,5.32
429,Hirara,JP,2022-07-22 16:33:35,24.8,125.2833,84.72,78,54,12.68
430,Malinovoye Ozero,RU,2022-07-22 16:33:35,51.6753,79.7825,66.29,59,11,6.31
431,Chimbarongo,CL,2022-07-22 16:33:35,-34.7,-71.05,61.14,55,9,4.99
432,Northam,GB,2022-07-22 16:33:36,51.0333,-4.2167,66.38,65,12,14.38
433,Adrar,MR,2022-07-22 16:33:36,20.5022,-10.0711,98.38,28,59,3.0
434,Cidreira,BR,2022-07-22 16:33:36,-30.1811,-50.2056,68.76,82,92,4.34
435,Eureka,US,2022-07-22 16:30:48,40.8021,-124.1637,60.21,87,50,6.55
436,Taupo,NZ,2022-07-22 16:33:37,-38.6833,176.0833,40.1,75,72,5.86
437,Faya,SA,2022-07-22 16:33:37,18.3851,42.4509,71.08,48,34,5.82
438,Qom,IR,2022-07-22 16:33:37,34.6401,50.8764,99.88,10,0,6.85
439,Arroio Grande,BR,2022-07-22 16:33:38,-32.2375,-53.0869,66.0,89,100,1.39
440,Visim,RU,2022-07-22 16:33:38,57.6488,59.5014,62.04,78,97,4.32
441,Maine-Soroa,NE,2022-07-22 16:33:38,13.2114,12.0241,93.87,39,100,3.27
442,Ulaangom,MN,2022-07-22 16:33:39,49.9811,92.0667,60.3,68,63,1.77
443,Inverell,AU,2022-07-22 16:33:39,-29.7833,151.1167,52.83,71,73,8.81
444,Rio Brilhante,BR,2022-07-22 16:31:36,-21.8019,-54.5464,91.49,20,27,9.46
445,Peniche,PT,2022-07-22 16:34:40,39.3558,-9.3811,82.29,76,24,18.61
446,Thinadhoo,MV,2022-07-22 16:34:40,0.5333,72.9333,82.04,73,100,8.05
447,Pindiga,NG,2022-07-22 16:34:41,9.9833,10.9333,78.35,75,100,6.71
448,Alamos,MX,2022-07-22 16:34:41,27.0167,-108.9333,94.77,36,83,5.01
449,Bonavista,CA,2022-07-22 16:34:41,48.6499,-53.1147,65.05,76,72,12.46
450,Manaure,CO,2022-07-22 16:34:41,11.7751,-72.4445,90.7,50,63,24.07
451,Kanniyakumari,IN,2022-07-22 16:34:42,8.0833,77.5667,79.02,82,100,21.56
452,Kupang,ID,2022-07-22 16:34:42,-10.1667,123.5833,72.03,71,100,10.76
453,Lamu,KE,2022-07-22 16:34:42,-2.2717,40.902,75.15,80,7,18.34
454,Novo Aripuana,BR,2022-07-22 16:34:43,-5.1206,-60.3797,92.1,44,42,3.44
455,Labuhan,ID,2022-07-22 16:34:43,-6.8844,112.2051,75.94,81,50,7.02
456,Buala,SB,2022-07-22 16:34:43,-8.145,159.5921,78.98,81,8,4.74
457,Le Port,RE,2022-07-22 16:34:44,-20.9373,55.2919,70.25,67,12,4.14
458,Sorso,IT,2022-07-22 16:34:44,40.8,8.5772,84.72,48,0,6.73
459,Nouakchott,MR,2022-07-22 16:34:44,18.0858,-15.9785,78.98,78,54,9.89
460,Mata,PT,2022-07-22 16:34:45,40.683,-7.4592,90.93,11,40,8.86
461,Vitoria,BR,2022-07-22 16:33:17,-20.3194,-40.3378,77.86,70,4,3.0
462,Punalur,IN,2022-07-22 16:34:45,9.0,76.9333,75.07,95,92,2.68
463,Port Hardy,CA,2022-07-22 16:30:48,50.6996,-127.4199,57.81,86,96,6.35
464,Eau Claire,US,2022-07-22 16:34:46,44.8114,-91.4985,85.15,51,15,8.01
465,Woodburn,US,2022-07-22 16:30:46,45.1437,-122.8554,64.78,71,93,1.68
466,East Millcreek,US,2022-07-22 16:34:46,40.7,-111.8105,93.18,30,4,4.0
467,Filimonovo,RU,2022-07-22 16:34:46,56.2011,95.4611,58.57,92,76,6.35
468,Hamadan,IR,2022-07-22 16:34:47,34.7992,48.5146,78.12,15,0,8.55
469,Santa,PH,2022-07-22 16:34:47,17.486,120.4348,86.02,71,1,3.31
470,Zambezi,ZM,2022-07-22 16:34:48,-13.5432,23.1047,69.35,35,46,6.76
471,Cabra,ES,2022-07-22 16:34:48,37.4725,-4.4421,101.59,12,0,13.11
472,Batemans Bay,AU,2022-07-22 16:34:03,-35.7167,150.1833,52.11,93,56,4.68
473,Kindu,CD,2022-07-22 16:34:48,-2.95,25.95,83.86,34,86,2.01
474,Udachnyy,RU,2022-07-22 16:34:49,66.4167,112.4,50.68,89,58,1.14
475,Mantua,IT,2022-07-22 16:34:49,45.1667,10.7833,99.09,15,11,6.87
476,Dongsheng,CN,2022-07-22 16:34:49,39.8161,109.9776,67.21,39,2,8.14
477,Manokwari,ID,2022-07-22 16:34:50,-0.8667,134.0833,78.8,78,19,7.11
478,Nome,US,2022-07-22 16:34:24,64.5011,-165.4064,45.16,98,100,11.99
479,Laizhou,CN,2022-07-22 16:34:50,37.1717,119.9214,75.31,76,100,3.42
480,Tezu,IN,2022-07-22 16:34:51,27.9167,96.1667,77.23,74,100,3.29
481,Chumphon,TH,2022-07-22 16:34:51,10.3333,98.8333,71.49,97,100,1.66
482,Luchegorsk,RU,2022-07-22 16:34:51,46.4764,134.2569,62.87,97,88,5.01
483,Plouzane,FR,2022-07-22 16:34:52,48.3833,-4.6167,63.01,72,3,14.7
484,Tateyama,JP,2022-07-22 16:34:52,34.9833,139.8667,79.11,82,3,18.32
485,Bathsheba,BB,2022-07-22 16:34:52,13.2167,-59.5167,85.05,83,10,16.17
486,Portree,GB,2022-07-22 16:34:53,57.4129,-6.1942,60.53,82,100,1.52
487,Helmsdale,GB,2022-07-22 16:34:53,58.1168,-3.6517,59.95,75,100,8.84
488,Lompoc,US,2022-07-22 16:32:31,34.6391,-120.4579,72.93,76,7,8.01
489,Banjar,ID,2022-07-22 16:34:53,-8.19,114.9675,75.11,90,96,5.32
490,Entebbe,UG,2022-07-22 16:34:54,0.0644,32.4469,70.36,64,25,5.53
491,Tashtyp,RU,2022-07-22 16:34:54,52.7939,89.8983,56.14,95,100,5.23
492,Mujiayingzi,CN,2022-07-22 16:35:54,42.1167,118.7833,68.88,79,100,3.89
493,Da Lat,VN,2022-07-22 16:35:55,11.9465,108.4419,59.97,98,91,1.68
494,Chlum U Trebone,CZ,2022-07-22 16:35:55,48.9623,14.928,89.08,52,5,6.69
495,Boa Vista,BR,2022-07-22 16:35:22,2.8197,-60.6733,85.44,66,47,6.89
496,Gamba,GA,2022-07-22 16:35:55,-2.65,10.0,71.82,79,85,10.09
497,Superior,US,2022-07-22 16:35:56,46.7208,-92.1041,85.62,42,3,5.99
498,Paamiut,GL,2022-07-22 16:35:56,61.994,-49.6678,47.16,80,7,5.66
499,Bandarbeyla,SO,2022-07-22 16:35:56,9.4942,50.8122,77.74,80,97,33.11
500,Namibe,AO,2022-07-22 16:35:57,-15.1961,12.1522,64.08,84,13,8.66
501,Cukai,MY,2022-07-22 16:35:57,4.25,103.4167,78.42,85,86,3.4
502,Caloundra,AU,2022-07-22 16:35:57,-26.8,153.1333,60.89,91,94,8.01
503,Skelleftea,SE,2022-07-22 16:35:58,64.7507,20.9528,71.01,61,100,1.01
504,Amuntai,ID,2022-07-22 16:35:58,-2.4177,115.2494,74.71,96,99,0.98
505,Velikiy Ustyug,RU,2022-07-22 16:35:58,60.7644,46.3106,66.85,75,72,4.81
506,Monrovia,LR,2022-07-22 16:35:59,6.3005,-10.7969,78.84,75,76,14.07
507,Sorland,NO,2022-07-22 16:35:59,67.667,12.6934,51.85,79,76,22.15
508,Asfi,MA,2022-07-22 16:35:59,32.2994,-9.2372,82.22,61,17,18.34
509,Ketchikan,US,2022-07-22 16:36:00,55.3422,-131.6461,57.0,88,99,1.16
510,North Bend,US,2022-07-22 16:36:00,43.4065,-124.2243,65.25,97,97,8.88
511,Kholodnyy,RU,2022-07-22 16:36:01,62.7167,147.95,50.22,81,97,1.05
512,Vao,NC,2022-07-22 16:36:01,-22.6667,167.4833,74.5,87,91,22.57
513,Cairns,AU,2022-07-22 16:36:01,-16.9167,145.7667,65.1,96,59,5.23
514,Haizhou,CN,2022-07-22 16:36:02,34.5817,119.1289,74.52,91,86,6.89
515,Stornoway,GB,2022-07-22 16:36:02,58.2093,-6.3865,60.93,81,100,1.01
516,Newark,US,2022-07-22 16:36:02,40.7357,-74.1724,96.91,38,1,8.01
517,Qeshm,IR,2022-07-22 16:36:03,26.9581,56.2719,89.31,80,79,13.06
518,Chicama,PE,2022-07-22 16:36:03,-7.8447,-79.1469,71.87,60,41,8.63
519,Port Keats,AU,2022-07-22 16:36:04,-14.25,129.55,65.1,33,48,6.31
520,Hammerfest,NO,2022-07-22 16:36:04,70.6634,23.6821,53.1,86,73,22.97
521,Sao Domingos,BR,2022-07-22 16:36:04,-13.3983,-46.3183,87.1,24,0,5.41
522,Kalga,RU,2022-07-22 16:36:05,50.9251,118.898,65.82,88,17,4.74
523,Mount Pleasant,US,2022-07-22 16:35:03,32.7941,-79.8626,91.31,72,70,3.0
524,Vanersborg,SE,2022-07-22 16:36:05,58.3807,12.3234,64.9,93,100,7.23
525,Flin Flon,CA,2022-07-22 16:36:06,54.7682,-101.865,55.96,66,97,6.44
526,Tapes,BR,2022-07-22 16:36:06,-30.6733,-51.3958,69.89,82,83,2.21
527,Roald,NO,2022-07-22 16:36:06,62.5833,6.1333,61.16,83,47,22.88
528,Leshukonskoye,RU,2022-07-22 16:33:08,64.8989,45.7622,69.8,64,90,4.56
529,Aden,YE,2022-07-22 16:36:07,12.7794,45.0367,84.0,69,2,4.21
530,South River,US,2022-07-22 16:36:07,40.4465,-74.386,97.2,37,3,3.0
531,Dingli,MT,2022-07-22 16:36:08,35.8614,14.3822,85.82,63,0,6.51
532,Zhezkazgan,KZ,2022-07-22 16:36:08,47.8043,67.7144,80.78,22,85,11.5
533,Conde,BR,2022-07-22 16:33:29,-7.2597,-34.9075,78.42,75,92,16.17
534,Taguatinga,BR,2022-07-22 16:36:09,-12.3857,-46.5711,92.34,20,0,5.46
535,Rondonopolis,BR,2022-07-22 16:36:09,-16.4708,-54.6356,97.16,19,4,2.3
536,Arroyo,ES,2022-07-22 16:36:10,41.6096,-4.7969,95.14,19,69,10.89
537,Churapcha,RU,2022-07-22 16:36:10,62.0025,132.4325,65.1,87,100,5.73
538,Maku,IR,2022-07-22 16:37:10,39.2911,44.4521,77.58,34,26,2.08
539,Bodden Town,KY,2022-07-22 16:37:11,19.2833,-81.25,88.99,75,4,7.0
540,Agadir,MA,2022-07-22 16:37:11,30.4202,-9.5982,94.35,35,21,9.93
541,Sfantu Gheorghe,RO,2022-07-22 16:37:11,45.8667,25.7833,87.85,31,7,5.99
542,Matagami,CA,2022-07-22 16:37:12,49.7502,-77.6328,78.44,40,22,13.13
543,Dubno,UA,2022-07-22 16:37:12,50.4169,25.7343,76.35,61,0,5.03
544,Muhos,FI,2022-07-22 16:37:13,64.808,25.9931,65.89,60,100,4.81
545,Kita,ML,2022-07-22 16:37:13,13.0349,-9.4895,82.85,73,95,3.22
546,Lokoja,NG,2022-07-22 16:37:13,7.8024,6.743,80.26,84,95,3.33
547,Tomobe,JP,2022-07-22 16:37:14,36.35,140.3,76.8,96,72,3.87
548,Barrington,US,2022-07-22 16:37:14,41.7407,-71.3087,95.63,47,2,5.99
549,Ust-Tsilma,RU,2022-07-22 16:37:14,65.441,52.1498,60.08,43,55,4.68
550,Nuevo Progreso,MX,2022-07-22 16:37:15,23.1667,-97.95,92.53,49,26,10.67
551,Kurilsk,RU,2022-07-22 16:37:15,45.2333,147.8833,54.73,99,100,1.72
552,De Panne,BE,2022-07-22 16:37:15,51.0792,2.5917,68.25,76,83,17.72
553,Hami,CN,2022-07-22 16:37:16,42.8,93.45,83.53,17,0,2.73
554,The Valley,AI,2022-07-22 16:37:16,18.217,-63.0578,86.09,68,7,16.87
555,Novaya Lyalya,RU,2022-07-22 16:37:17,59.055,60.599,59.32,82,73,5.14
556,Sinop,TR,2022-07-22 16:37:17,41.7711,34.8709,61.47,75,3,1.66
557,Natal,BR,2022-07-22 16:34:06,-5.795,-35.2094,80.53,73,99,13.56
558,Rio Grande,BR,2022-07-22 16:37:17,-32.035,-52.0986,66.94,96,100,3.8
559,Port Blair,IN,2022-07-22 16:37:18,11.6667,92.75,80.76,83,100,7.74
560,Kampene,CD,2022-07-22 16:37:18,-3.6,26.6667,79.3,39,58,1.68
561,Lensk,RU,2022-07-22 16:37:18,60.7253,114.9278,62.78,88,95,4.0
562,Gizycko,PL,2022-07-22 16:35:04,54.0381,21.7644,75.31,77,39,11.12
563,Matara,LK,2022-07-22 16:37:19,5.9485,80.5353,78.89,85,100,13.6
564,Zheleznodorozhnyy,RU,2022-07-22 16:37:19,55.7503,38.0042,69.4,63,100,5.5
565,Tourlaville,FR,2022-07-22 16:37:19,49.6383,-1.5664,67.03,75,33,11.45
566,Nakanojo,JP,2022-07-22 16:37:20,36.5833,138.85,72.63,95,3,3.67
567,Khorixas,NA,2022-07-22 16:37:20,-20.3667,14.9667,73.6,24,0,7.81
568,Angoche,MZ,2022-07-22 16:37:21,-16.2325,39.9086,72.55,73,7,7.58
569,Boulder,US,2022-07-22 16:34:28,40.0833,-105.3505,84.69,22,9,5.01
570,Cocorit,MX,2022-07-22 16:37:21,27.5833,-109.9667,96.71,37,80,3.09
571,Khvorostyanka,RU,2022-07-22 16:37:21,52.6096,48.9597,63.25,93,83,5.12
572,Dobresti,RO,2022-07-22 16:37:22,46.85,22.3,91.76,21,23,4.63
573,Saint-Leu,RE,2022-07-22 16:37:22,-21.15,55.2833,68.32,70,7,1.83
574,Rio Negro,BR,2022-07-22 16:37:23,-26.1058,-49.7975,76.68,41,40,4.79
575,Morondava,MG,2022-07-22 16:37:23,-20.2833,44.2833,72.59,69,0,10.65
576,Gouyave,GD,2022-07-22 16:37:23,12.1646,-61.7296,81.73,71,25,16.62
577,General Pico,AR,2022-07-22 16:37:24,-35.6566,-63.7568,65.95,30,100,6.44
578,Kampong Chhnang,KH,2022-07-22 16:37:24,12.1667,104.55,78.69,79,59,2.3
579,Bafilo,TG,2022-07-22 16:37:24,9.35,1.2667,74.39,85,99,3.38
580,Ubaira,BR,2022-07-22 16:37:25,-13.2681,-39.6628,74.35,74,48,5.95
581,Aquiraz,BR,2022-07-22 16:37:05,-3.9014,-38.3911,85.44,66,90,11.88
